num_gpu,mean_training_time,std_training_time,mean_communication_time,std_communication_time,communication_pct
2,1.8634436600783375,0.001911908865006511,0.043442805152153596,0.007340299339027493,2.331318412402514
