num_gpu,mean_training_time,std_training_time,mean_communication_time,std_communication_time,communication_pct
2,1.8120411950629205,0.0005755099435013375,0.03563179918564856,0.0013326454586595,1.9663901285870762
