use_sharding,num_gpu,mean_training_time,std_training_time,mean_communication_time,std_communication_time,communication_pct
True,2,1.8424720056995283,0.0015357594632613805,0.03630959056317806,0.000602657026444618,1.9706997148861678
False,2,1.854803006723523,0.0008777476769012066,0.036118205013917756,0.00044376124189287805,1.947279839583608
